{"loss": -0.08249314874410629, "_timestamp": 1687475720.798469, "_runtime": 5.3359010219573975, "_step": 14}