{"loss": -0.06931835412979126, "_timestamp": 1687531998.3094552, "_runtime": 50685.98896217346, "_step": 119}